INSERT INTO users (votes, username, name, surname, email, password, salt, backend) VALUES (10, 'kuba0102','jakub', 'chruslicki', 'kuba0102@gmail.com', 'rFpnSq9b1qZb6SvalA0Z1EPqtZbyL1ajWWY27p5SzX8=', 'zVtX4KvmgxLb2ZwRhKAy3WHjl4h9j9', true);
INSERT INTO users (votes, username, name, surname, email, password, salt, backend) VALUES (10, 'BasicUser','Basic', 'User', 'basic@gmail.com', 'rFpnSq9b1qZb6SvalA0Z1EPqtZbyL1ajWWY27p5SzX8=', 'zVtX4KvmgxLb2ZwRhKAy3WHjl4h9j9', true);
INSERT INTO users (votes, username, name, surname, email, password, salt, backend) VALUES (10, 'Customer','Customer', 'User', 'customer@gmail.com', 'rFpnSq9b1qZb6SvalA0Z1EPqtZbyL1ajWWY27p5SzX8=', 'zVtX4KvmgxLb2ZwRhKAy3WHjl4h9j9', false);
INSERT INTO users (votes, username, name, surname, email, password, salt, backend) VALUES (10, 'User','User', 'User', 'customer@gmail.com', 'rFpnSq9b1qZb6SvalA0Z1EPqtZbyL1ajWWY27p5SzX8=', 'zVtX4KvmgxLb2ZwRhKAy3WHjl4h9j9', false);

INSERT INTO user_types (type) VALUES ('Admin');
INSERT INTO user_types (type) VALUES ('Basic');

INSERT INTO permissions (user_id, user_type_id, user_edit, user_view,user_delete, user_add, product_approve, product_edit, product_view, product_add, product_delete, order_edit, order_view, order_delete, order_add, customer_edit, customer_view, customer_delete, customer_add) VALUES (1,1,true,true,true,true,true,true,true,true,true,true,true,true,true,true,true,true,true);
INSERT INTO permissions (user_id, user_type_id, user_edit, user_view,user_delete, user_add, product_approve, product_edit, product_view, product_add, product_delete, order_edit, order_view, order_delete, order_add, customer_edit, customer_view, customer_delete, customer_add) VALUES (2,2,false,false,false,false,false,false,false,false,false,false,false,false,false,false,false,false,false);
INSERT INTO permissions (user_id, user_type_id, user_edit, user_view,user_delete, user_add, product_approve, product_edit, product_view, product_add, product_delete, order_edit, order_view, order_delete, order_add, customer_edit, customer_view, customer_delete, customer_add) VALUES (3,2,false,false,false,false,false,false,false,false,false,false,false,false,false,false,false,false,false);
INSERT INTO permissions (user_id, user_type_id, user_edit, user_view,user_delete, user_add, product_approve, product_edit, product_view, product_add, product_delete, order_edit, order_view, order_delete, order_add, customer_edit, customer_view, customer_delete, customer_add) VALUES (4,2,false,false,false,false,false,false,false,false,false,false,false,false,false,false,false,false,false);



INSERT INTO products (up_votes, name, description, approved, user_approved, user_id, image, date_submitted) VALUES (23, 'Test', 'Test Description', 'yes', true, 1, 'src/products_img/1555438511170Camila_web.png', '2019-04-27 14:42:21.017');
INSERT INTO products (up_votes, name, description, approved, user_approved, user_id, image, date_submitted) VALUES (12, 'Test2', 'As BigInt: There is no theoretical limit. The BigInteger class allocates as much ', 'yes', true, 1, 'src/products_img/1555438511170Camila_web.png', '2019-04-27 14:42:21.017');
INSERT INTO products (up_votes, name, description, approved, user_approved, user_id, image, date_submitted) VALUES (27, 'Test3', 'Test3 Description', 'no', false, 2, 'src/products_img/1555438511170Camila_web.png', '2019-04-27 14:42:21.017');
INSERT INTO products (up_votes, name, description, approved, user_approved, user_id, image, date_submitted) VALUES (8, 'Test4', 'Test4 Description', 'no', false, 1, 'src/products_img/1555438511170Camila_web.png', '2019-04-27 14:42:21.017');
INSERT INTO products (up_votes, name, description, approved, user_approved, user_id, image, date_submitted) VALUES (32 ,'Test5', 'Test5 Description', 'no', false, 1, 'src/products_img/1555438511170Camila_web.png', '2019-04-27 14:42:21.017');
INSERT INTO products (up_votes, name, description, approved, user_approved, user_id, image, date_submitted) VALUES ( 23, 'Tes6', 'Test Description', 'yes', true, 1, 'src/products_img/1555438511170Camila_web.png', '2019-04-27 14:42:21.017');
INSERT INTO products (up_votes, name, description, approved, user_approved, user_id, image, date_submitted) VALUES ( 23, 'Tes7', 'Test Description', 'yes', true, 1, 'src/products_img/1555438511170Camila_web.png', '2019-04-27 14:42:21.017');
INSERT INTO products (up_votes, name, description, approved, user_approved, user_id, image, date_submitted) VALUES ( 23, 'Tes8', 'Test Description', 'yes', true, 1, 'src/products_img/1555438511170Camila_web.png', '2019-04-27 14:42:21.017');
INSERT INTO products (up_votes, name, description, approved, user_approved, user_id, image, date_submitted) VALUES ( 23, 'Tes9', 'Test Description', 'yes', true, 1, 'src/products_img/1555438511170Camila_web.png', '2019-04-27 14:42:21.017');
INSERT INTO products (up_votes, name, description, approved, user_approved, user_id, image, date_submitted) VALUES ( 23, 'Test10', 'Test Description', 'yes', true, 1, 'src/products_img/1555438511170Camila_web.png', '2019-04-27 14:42:21.017');
INSERT INTO products (up_votes, name, description, approved, user_approved, user_id, image, date_submitted) VALUES ( 23, 'Test11', 'Test Description', 'yes', true, 1, 'src/products_img/1555438511170Camila_web.png', '2019-04-27 14:42:21.017');
INSERT INTO products (up_votes, name, description, approved, user_approved, user_id, image, date_submitted) VALUES ( 23, 'Test12', 'Test Description', 'yes', true, 1, 'src/products_img/1555438511170Camila_web.png', '2019-04-27 14:42:21.017');
INSERT INTO products (up_votes, name, description, approved, user_approved, user_id, image, date_submitted) VALUES ( 23, 'Test13', 'Test Description', 'yes', true, 1, 'src/products_img/1555438511170Camila_web.png', '2019-04-27 14:42:21.017');
INSERT INTO products (up_votes, name, description, approved, user_approved, user_id, image, date_submitted) VALUES ( 23, 'Test14', 'Test Description', 'yes', true, 1, 'src/products_img/1555438511170Camila_web.png', '2019-04-27 14:42:21.017');
INSERT INTO products (up_votes, name, description, approved, user_approved, user_id, image, date_submitted) VALUES ( 23, 'Test15', 'Test Description', 'yes', true, 1, 'src/products_img/1555438511170Camila_web.png', '2019-04-27 14:42:21.017');
INSERT INTO products (up_votes, name, description, approved, user_approved, user_id, image, date_submitted) VALUES ( 23, 'Test16', 'Test Description', 'yes', true, 1, 'src/products_img/1555438511170Camila_web.png', '2019-04-27 14:42:21.017');
INSERT INTO products (up_votes, name, description, approved, user_approved, user_id, image, date_submitted) VALUES ( 23, 'Test17', 'Test Description', 'yes', true, 1, 'src/products_img/1555438511170Camila_web.png', '2019-04-27 14:42:21.017');
INSERT INTO products (up_votes, name, description, approved, user_approved, user_id, image, date_submitted) VALUES ( 23, 'Test18', 'Test Description', 'yes', true, 1, 'src/products_img/1555438511170Camila_web.png', '2019-04-27 14:42:21.017');
INSERT INTO products (up_votes, name, description, approved, user_approved, user_id, image, date_submitted) VALUES ( 23, 'Test19', 'Test Description', 'yes', true, 1, 'src/products_img/1555438511170Camila_web.png', '2019-04-27 14:42:21.017');
