INSERT INTO users (votes, username, name, surname, email, password, salt, backend) VALUES (10, 'kuba0102','jakub', 'chruslicki', 'kuba0102@gmail.com', 'rFpnSq9b1qZb6SvalA0Z1EPqtZbyL1ajWWY27p5SzX8=', 'zVtX4KvmgxLb2ZwRhKAy3WHjl4h9j9', true);
INSERT INTO users (votes, username, name, surname, email, password, salt, backend) VALUES (10, 'BasicUser','Basic', 'User', 'basic@gmail.com', 'rFpnSq9b1qZb6SvalA0Z1EPqtZbyL1ajWWY27p5SzX8=', 'zVtX4KvmgxLb2ZwRhKAy3WHjl4h9j9', true);
INSERT INTO users (votes, username, name, surname, email, password, salt, backend) VALUES (10, 'Customer','Customer', 'User', 'customer@gmail.com', 'rFpnSq9b1qZb6SvalA0Z1EPqtZbyL1ajWWY27p5SzX8=', 'zVtX4KvmgxLb2ZwRhKAy3WHjl4h9j9', false);
INSERT INTO users (votes, username, name, surname, email, password, salt, backend) VALUES (10, 'User','User', 'User', 'customer@gmail.com', 'rFpnSq9b1qZb6SvalA0Z1EPqtZbyL1ajWWY27p5SzX8=', 'zVtX4KvmgxLb2ZwRhKAy3WHjl4h9j9', false);
INSERT INTO users (votes, username, name, surname, email, password, salt, backend) VALUES (10, 'test@gmail.com','test', 'test', 'test@gmail.com', 'rFpnSq9b1qZb6SvalA0Z1EPqtZbyL1ajWWY27p5SzX8=', 'zVtX4KvmgxLb2ZwRhKAy3WHjl4h9j9', false);


INSERT INTO user_types (type) VALUES ('Admin');
INSERT INTO user_types (type) VALUES ('Basic');

INSERT INTO permissions (user_id, user_type_id, user_edit, user_view,user_delete, user_add, product_approve, product_edit, product_view, product_add, product_delete, order_edit, order_view, order_delete, order_add, customer_edit, customer_view, customer_delete, customer_add) VALUES (1,1,true,true,true,true,true,true,true,true,true,true,true,true,true,true,true,true,true);
INSERT INTO permissions (user_id, user_type_id, user_edit, user_view,user_delete, user_add, product_approve, product_edit, product_view, product_add, product_delete, order_edit, order_view, order_delete, order_add, customer_edit, customer_view, customer_delete, customer_add) VALUES (2,2,false,false,false,false,false,false,false,false,false,false,false,false,false,false,false,false,false);
INSERT INTO permissions (user_id, user_type_id, user_edit, user_view,user_delete, user_add, product_approve, product_edit, product_view, product_add, product_delete, order_edit, order_view, order_delete, order_add, customer_edit, customer_view, customer_delete, customer_add) VALUES (3,2,false,false,false,false,false,false,false,false,false,false,false,false,false,false,false,false,false);
INSERT INTO permissions (user_id, user_type_id, user_edit, user_view,user_delete, user_add, product_approve, product_edit, product_view, product_add, product_delete, order_edit, order_view, order_delete, order_add, customer_edit, customer_view, customer_delete, customer_add) VALUES (4,2,false,false,false,false,false,false,false,false,false,false,false,false,false,false,false,false,false);



INSERT INTO products (up_votes, name, description, approved, user_approved, user_id, image, date_submitted) VALUES (23, 'Test', 'Test Description', 'yes', true, 4, 'src/products_img/1555438511170Camila_web.png', '2019-04-27 14:42:21.017');
INSERT INTO products (up_votes, name, description, approved, user_approved, user_id, image, date_submitted) VALUES (12, 'Test2', 'As BigInt: There is no theoretical limit. The BigInteger class allocates as much ', 'yes', true, 4, 'src/products_img/1555438511170Camila_web.png', '2019-04-27 14:42:21.017');
INSERT INTO products (up_votes, name, description, approved, user_approved, user_id, image, date_submitted) VALUES (27, 'Test3', 'Test3 Description', 'no', false, 2, 'src/products_img/1555438511170Camila_web.png', '2019-04-27 14:42:21.017');
INSERT INTO products (up_votes, name, description, approved, user_approved, user_id, image, date_submitted) VALUES (8, 'Test4', 'Test4 Description', 'no', false, 4, 'src/products_img/1555438511170Camila_web.png', '2019-04-27 14:42:21.017');
INSERT INTO products (up_votes, name, description, approved, user_approved, user_id, image, date_submitted) VALUES (32 ,'Test5', 'Test5 Description', 'no', false, 4, 'src/products_img/1555438511170Camila_web.png', '2019-04-27 14:42:21.017');
INSERT INTO products (up_votes, name, description, approved, user_approved, user_id, image, date_submitted) VALUES ( 23, 'Tes6', 'Test Description', 'yes', true, 4, 'src/products_img/1555438511170Camila_web.png', '2019-04-27 14:42:21.017');
INSERT INTO products (up_votes, name, description, approved, user_approved, user_id, image, date_submitted) VALUES ( 23, 'Tes7', 'Test Description', 'yes', true, 4, 'src/products_img/1555438511170Camila_web.png', '2019-04-27 14:42:21.017');
INSERT INTO products (up_votes, name, description, approved, user_approved, user_id, image, date_submitted) VALUES ( 43, 'Tes8', 'Test Description', 'yes', true, 4, 'src/products_img/1555438511170Camila_web.png', '2019-04-27 14:42:21.017');
INSERT INTO products (up_votes, name, description, approved, user_approved, user_id, image, date_submitted) VALUES ( 31, 'Tes9', 'Test Description', 'yes', true, 4, 'src/products_img/1555438511170Camila_web.png', '2019-04-27 14:42:21.017');
INSERT INTO products (up_votes, name, description, approved, user_approved, user_id, image, date_submitted) VALUES ( 65, 'Test10', 'Test Description', 'yes', true, 3, 'src/products_img/1555438511170Camila_web.png', '2019-04-27 14:42:21.017');
INSERT INTO products (up_votes, name, description, approved, user_approved, user_id, image, date_submitted) VALUES ( 78, 'Test11', 'Test Description', 'yes', true, 3, 'src/products_img/1555438511170Camila_web.png', '2019-04-27 14:42:21.017');
INSERT INTO products (up_votes, name, description, approved, user_approved, user_id, image, date_submitted) VALUES ( 19, 'Test12', 'Test Description', 'yes', true, 3, 'src/products_img/1555438511170Camila_web.png', '2019-04-27 14:42:21.017');
INSERT INTO products (up_votes, name, description, approved, user_approved, user_id, image, date_submitted) VALUES ( 98, 'Test13', 'Test Description', 'yes', true, 3, 'src/products_img/1555438511170Camila_web.png', '2019-04-27 14:42:21.017');
INSERT INTO products (up_votes, name, description, approved, user_approved, user_id, image, date_submitted) VALUES ( 12, 'Test14', 'Test Description', 'yes', true, 3, 'src/products_img/1555438511170Camila_web.png', '2019-04-27 14:42:21.017');
INSERT INTO products (up_votes, name, description, approved, user_approved, user_id, image, date_submitted) VALUES ( 34, 'Test15', 'Test Description', 'yes', true, 3, 'src/products_img/1555438511170Camila_web.png', '2019-04-27 14:42:21.017');
INSERT INTO products (up_votes, name, description, approved, user_approved, user_id, image, date_submitted) VALUES ( 19, 'Test16', 'Test Description', 'yes', true, 3, 'src/products_img/1555438511170Camila_web.png', '2019-04-27 14:42:21.017');
INSERT INTO products (up_votes, name, description, approved, user_approved, user_id, image, date_submitted) VALUES ( 25, 'Test17', 'Test Description', 'yes', true, 3, 'src/products_img/1555438511170Camila_web.png', '2019-04-27 14:42:21.017');
INSERT INTO products (up_votes, name, description, approved, user_approved, user_id, image, date_submitted) VALUES ( 75, 'Test18', 'Test Description', 'yes', true, 3, 'src/products_img/1555438511170Camila_web.png', '2019-04-27 14:42:21.017');
INSERT INTO products (up_votes, name, description, approved, user_approved, user_id, image, date_submitted) VALUES ( 23, 'Test19', 'Test Description', 'yes', true, 3, 'src/products_img/1555438511170Camila_web.png', '2019-04-27 14:42:21.017');
INSERT INTO products (APPROVED, DATE_SUBMITTED,	DESCRIPTION,	IMAGE,	NAME,	UP_VOTES,	USER_APPROVED,	USER_ID) VALUES ('no',	'2019-04-30 19:02:55.305',	'This is final year project product submission test.',	'src/products_img/1556647375314paul_web.png',	'Final Year Project Test',	0,	TRUE,	5);

INSERT INTO offers (OFFER_ID,COMMENT,DATE,MARKET_PRICE,SOURCE_PRICE,PRODUCT_ID,USER_ID) VALUES (1,	'New Submission',	'2019-04-30 19:02:55.31',	67.0,	59.0, 20,	5);